iteration,question_id,correct_answer,final_answer,score,num_chains_generated,total_tokens_generated,window_size,individual_answers_str,correct_answer_in_chains
1,aqua_rat_test_0,A,A,1,1,2892,2,['A'],True
2,aqua_rat_test_1,E,E,1,1,2216,2,['E'],True
3,aqua_rat_test_2,A,A,1,1,2473,2,['A'],True
4,aqua_rat_test_3,B,B,1,1,1363,2,['B'],True
5,aqua_rat_test_4,B,B,1,1,623,2,['B'],True
6,aqua_rat_test_5,D,D,1,1,1439,2,['D'],True
7,aqua_rat_test_6,D,D,1,1,1194,2,['D'],True
8,aqua_rat_test_7,C,C,1,1,1359,2,['C'],True
9,aqua_rat_test_8,E,E,1,1,1992,2,['E'],True
10,aqua_rat_test_9,D,D,1,1,671,2,['D'],True
11,aqua_rat_test_10,B,C,0,1,4180,2,['C'],False
12,aqua_rat_test_11,A,A,1,1,1165,2,['A'],True
13,aqua_rat_test_12,C,C,1,1,2237,2,['C'],True
14,aqua_rat_test_13,D,D,1,1,484,2,['D'],True
15,aqua_rat_test_14,C,C,1,1,672,2,['C'],True
16,aqua_rat_test_15,A,A,1,1,713,2,['A'],True
17,aqua_rat_test_16,A,A,1,1,7235,2,['A'],True
18,aqua_rat_test_17,D,D,1,1,1540,2,['D'],True
19,aqua_rat_test_18,D,D,1,1,1093,2,['D'],True
20,aqua_rat_test_19,C,C,1,1,925,2,['C'],True
21,aqua_rat_test_20,C,E,0,1,10534,2,['E'],False
22,aqua_rat_test_21,A,A,1,1,3101,2,['A'],True
23,aqua_rat_test_22,E,E,1,1,2830,2,['E'],True
24,aqua_rat_test_23,A,A,1,1,1600,2,['A'],True
25,aqua_rat_test_24,D,D,1,1,970,2,['D'],True
26,aqua_rat_test_25,D,D,1,1,825,2,['D'],True
27,aqua_rat_test_26,C,C,1,1,765,2,['C'],True
28,aqua_rat_test_27,A,A,1,1,1275,2,['A'],True
29,aqua_rat_test_28,B,B,1,1,704,2,['B'],True
30,aqua_rat_test_29,A,A,1,1,863,2,['A'],True
31,aqua_rat_test_30,B,B,1,1,829,2,['B'],True
32,aqua_rat_test_31,A,A,1,1,1023,2,['A'],True
33,aqua_rat_test_32,B,C,0,1,12352,2,['C'],False
34,aqua_rat_test_33,B,B,1,1,486,2,['B'],True
35,aqua_rat_test_34,B,B,1,1,1511,2,['B'],True
36,aqua_rat_test_35,A,A,1,1,911,2,['A'],True
37,aqua_rat_test_36,D,D,1,1,1124,2,['D'],True
38,aqua_rat_test_37,A,A,1,1,1062,2,['A'],True
39,aqua_rat_test_38,D,D,1,1,627,2,['D'],True
40,aqua_rat_test_39,A,A,1,1,1534,2,['A'],True
41,aqua_rat_test_40,A,A,1,1,1391,2,['A'],True
42,aqua_rat_test_41,A,A,1,1,3117,2,['A'],True
43,aqua_rat_test_42,C,C,1,1,928,2,['C'],True
44,aqua_rat_test_43,A,A,1,1,1539,2,['A'],True
45,aqua_rat_test_44,B,B,1,1,922,2,['B'],True
46,aqua_rat_test_45,B,B,1,1,2008,2,['B'],True
47,aqua_rat_test_46,E,E,1,1,803,2,['E'],True
48,aqua_rat_test_47,A,A,1,1,737,2,['A'],True
49,aqua_rat_test_48,D,D,1,1,3372,2,['D'],True
50,aqua_rat_test_49,B,B,1,1,887,2,['B'],True
51,aqua_rat_test_50,C,C,1,1,1173,2,['C'],True
52,aqua_rat_test_51,C,C,1,1,827,2,['C'],True
53,aqua_rat_test_52,B,B,1,1,853,2,['B'],True
54,aqua_rat_test_53,A,A,1,1,683,2,['A'],True
55,aqua_rat_test_54,D,D,1,1,9062,2,['D'],True
56,aqua_rat_test_55,A,A,1,1,557,2,['A'],True
57,aqua_rat_test_56,A,A,1,1,3327,2,['A'],True
58,aqua_rat_test_57,D,D,1,1,921,2,['D'],True
59,aqua_rat_test_58,D,D,1,1,1828,2,['D'],True
60,aqua_rat_test_59,C,B,0,1,11148,2,['B'],False
61,aqua_rat_test_60,E,E,1,1,1038,2,['E'],True
62,aqua_rat_test_61,D,D,1,1,1866,2,['D'],True
63,aqua_rat_test_62,B,B,1,1,527,2,['B'],True
64,aqua_rat_test_63,C,C,1,1,751,2,['C'],True
65,aqua_rat_test_64,D,B,0,1,811,2,['B'],False
66,aqua_rat_test_65,C,C,1,1,1145,2,['C'],True
67,aqua_rat_test_66,C,C,1,1,1843,2,['C'],True
68,aqua_rat_test_67,B,B,1,1,6463,2,['B'],True
69,aqua_rat_test_68,A,A,1,1,2153,2,['A'],True
70,aqua_rat_test_69,C,C,1,1,11393,2,['C'],True
71,aqua_rat_test_70,C,C,1,1,1275,2,['C'],True
72,aqua_rat_test_71,A,A,1,1,1439,2,['A'],True
73,aqua_rat_test_72,B,B,1,1,403,2,['B'],True
74,aqua_rat_test_73,B,B,1,1,504,2,['B'],True
75,aqua_rat_test_74,E,E,1,1,2029,2,['E'],True
76,aqua_rat_test_75,C,C,1,1,1021,2,['C'],True
77,aqua_rat_test_76,E,E,1,1,915,2,['E'],True
78,aqua_rat_test_77,B,B,1,1,4507,2,['B'],True
79,aqua_rat_test_78,A,A,1,1,1118,2,['A'],True
80,aqua_rat_test_79,D,D,1,1,2175,2,['D'],True
81,aqua_rat_test_80,B,B,1,1,1930,2,['B'],True
82,aqua_rat_test_81,A,A,1,1,573,2,['A'],True
83,aqua_rat_test_82,A,A,1,1,7025,2,['A'],True
84,aqua_rat_test_83,A,A,1,1,1178,2,['A'],True
85,aqua_rat_test_84,A,A,1,1,585,2,['A'],True
86,aqua_rat_test_85,A,A,1,1,3146,2,['A'],True
87,aqua_rat_test_86,E,E,1,1,2290,2,['E'],True
88,aqua_rat_test_87,B,B,1,1,544,2,['B'],True
89,aqua_rat_test_88,B,B,1,1,670,2,['B'],True
90,aqua_rat_test_89,B,B,1,1,2302,2,['B'],True
91,aqua_rat_test_90,B,B,1,1,926,2,['B'],True
92,aqua_rat_test_91,B,B,1,1,1464,2,['B'],True
93,aqua_rat_test_92,A,A,1,1,967,2,['A'],True
94,aqua_rat_test_93,D,D,1,1,1534,2,['D'],True
95,aqua_rat_test_94,A,A,1,1,1149,2,['A'],True
96,aqua_rat_test_95,A,A,1,1,1604,2,['A'],True
97,aqua_rat_test_96,C,C,1,1,618,2,['C'],True
98,aqua_rat_test_97,E,E,1,1,1090,2,['E'],True
99,aqua_rat_test_98,D,D,1,1,748,2,['D'],True
100,aqua_rat_test_99,E,E,1,1,922,2,['E'],True
101,aqua_rat_test_100,A,A,1,1,455,2,['A'],True
102,aqua_rat_test_101,C,C,1,1,2876,2,['C'],True
103,aqua_rat_test_102,D,D,1,1,933,2,['D'],True
104,aqua_rat_test_103,E,E,1,1,874,2,['E'],True
105,aqua_rat_test_104,A,E,0,1,1256,2,['E'],False
106,aqua_rat_test_105,B,B,1,1,1690,2,['B'],True
107,aqua_rat_test_106,D,E,0,1,10445,2,['E'],False
108,aqua_rat_test_107,B,B,1,1,1214,2,['B'],True
109,aqua_rat_test_108,D,D,1,1,3160,2,['D'],True
110,aqua_rat_test_109,B,B,1,1,1579,2,['B'],True
111,aqua_rat_test_110,A,A,1,1,1575,2,['A'],True
112,aqua_rat_test_111,D,D,1,1,908,2,['D'],True
113,aqua_rat_test_112,C,D,0,1,6339,2,['D'],False
114,aqua_rat_test_113,D,D,1,1,1470,2,['D'],True
115,aqua_rat_test_114,D,C,0,1,6265,2,['C'],False
116,aqua_rat_test_115,C,C,1,1,7971,2,['C'],True
117,aqua_rat_test_116,B,B,1,1,3335,2,['B'],True
118,aqua_rat_test_117,C,A,0,1,11765,2,['A'],False
119,aqua_rat_test_118,A,A,1,1,549,2,['A'],True
120,aqua_rat_test_119,D,D,1,1,708,2,['D'],True
121,aqua_rat_test_120,E,E,1,1,973,2,['E'],True
122,aqua_rat_test_121,B,B,1,1,588,2,['B'],True
123,aqua_rat_test_122,A,A,1,1,4390,2,['A'],True
124,aqua_rat_test_123,A,A,1,1,2331,2,['A'],True
125,aqua_rat_test_124,E,B,0,1,1403,2,['B'],False
126,aqua_rat_test_125,A,A,1,1,9348,2,['A'],True
127,aqua_rat_test_126,B,D,0,1,4050,2,['D'],False
128,aqua_rat_test_127,D,D,1,1,579,2,['D'],True
129,aqua_rat_test_128,B,B,1,1,1866,2,['B'],True
130,aqua_rat_test_129,D,D,1,1,888,2,['D'],True
131,aqua_rat_test_130,A,A,1,1,1146,2,['A'],True
132,aqua_rat_test_131,C,C,1,1,1230,2,['C'],True
133,aqua_rat_test_132,B,B,1,1,5059,2,['B'],True
134,aqua_rat_test_133,E,E,1,1,688,2,['E'],True
135,aqua_rat_test_134,C,C,1,1,907,2,['C'],True
136,aqua_rat_test_135,D,D,1,1,2073,2,['D'],True
137,aqua_rat_test_136,C,C,1,1,3136,2,['C'],True
138,aqua_rat_test_137,E,E,1,1,668,2,['E'],True
139,aqua_rat_test_138,C,C,1,1,759,2,['C'],True
140,aqua_rat_test_139,E,D,0,1,6468,2,['D'],False
141,aqua_rat_test_140,E,E,1,1,692,2,['E'],True
142,aqua_rat_test_141,B,B,1,1,953,2,['B'],True
143,aqua_rat_test_142,B,B,1,1,706,2,['B'],True
144,aqua_rat_test_143,E,E,1,1,1451,2,['E'],True
145,aqua_rat_test_144,D,D,1,1,1036,2,['D'],True
146,aqua_rat_test_145,E,E,1,1,1116,2,['E'],True
147,aqua_rat_test_146,B,B,1,1,4946,2,['B'],True
148,aqua_rat_test_147,A,A,1,1,444,2,['A'],True
149,aqua_rat_test_148,A,A,1,1,599,2,['A'],True
150,aqua_rat_test_149,D,D,1,1,2380,2,['D'],True
151,aqua_rat_test_150,B,B,1,1,901,2,['B'],True
152,aqua_rat_test_151,E,E,1,1,1286,2,['E'],True
153,aqua_rat_test_152,C,D,0,1,5096,2,['D'],False
154,aqua_rat_test_153,D,D,1,1,1009,2,['D'],True
155,aqua_rat_test_154,C,C,1,1,2140,2,['C'],True
156,aqua_rat_test_155,E,E,1,1,2934,2,['E'],True
157,aqua_rat_test_156,D,D,1,1,660,2,['D'],True
158,aqua_rat_test_157,D,D,1,1,1425,2,['D'],True
159,aqua_rat_test_158,B,B,1,1,2522,2,['B'],True
160,aqua_rat_test_159,C,B,0,1,9173,2,['B'],False
161,aqua_rat_test_160,D,D,1,1,2663,2,['D'],True
162,aqua_rat_test_161,B,B,1,1,1347,2,['B'],True
163,aqua_rat_test_162,A,A,1,1,2518,2,['A'],True
164,aqua_rat_test_163,D,D,1,1,728,2,['D'],True
165,aqua_rat_test_164,C,C,1,1,2868,2,['C'],True
166,aqua_rat_test_165,B,E,0,1,4429,2,['E'],False
167,aqua_rat_test_166,C,C,1,1,509,2,['C'],True
168,aqua_rat_test_167,A,A,1,1,886,2,['A'],True
169,aqua_rat_test_168,A,A,1,1,1011,2,['A'],True
170,aqua_rat_test_169,A,A,1,1,2961,2,['A'],True
171,aqua_rat_test_170,E,E,1,1,976,2,['E'],True
172,aqua_rat_test_171,E,E,1,1,942,2,['E'],True
173,aqua_rat_test_172,E,D,0,1,13412,2,['D'],False
174,aqua_rat_test_173,C,C,1,1,3615,2,['C'],True
175,aqua_rat_test_174,D,D,1,1,888,2,['D'],True
176,aqua_rat_test_175,B,B,1,1,829,2,['B'],True
177,aqua_rat_test_176,D,D,1,1,16449,2,['D'],True
178,aqua_rat_test_177,D,D,1,1,1027,2,['D'],True
179,aqua_rat_test_178,C,C,1,1,1358,2,['C'],True
180,aqua_rat_test_179,B,B,1,1,2723,2,['B'],True
181,aqua_rat_test_180,D,D,1,1,845,2,['D'],True
182,aqua_rat_test_181,A,A,1,1,1008,2,['A'],True
183,aqua_rat_test_182,A,A,1,1,2989,2,['A'],True
184,aqua_rat_test_183,D,D,1,1,826,2,['D'],True
185,aqua_rat_test_184,D,E,0,1,6876,2,['E'],False
186,aqua_rat_test_185,D,D,1,1,1254,2,['D'],True
187,aqua_rat_test_186,D,D,1,1,2346,2,['D'],True
188,aqua_rat_test_187,A,E,0,1,8321,2,['E'],False
189,aqua_rat_test_188,D,D,1,1,1351,2,['D'],True
190,aqua_rat_test_189,B,B,1,1,579,2,['B'],True
191,aqua_rat_test_190,E,E,1,1,1427,2,['E'],True
192,aqua_rat_test_191,B,B,1,1,1641,2,['B'],True
193,aqua_rat_test_192,B,B,1,1,786,2,['B'],True
194,aqua_rat_test_193,D,E,0,1,6108,2,['E'],False
195,aqua_rat_test_194,B,B,1,1,994,2,['B'],True
196,aqua_rat_test_195,A,A,1,1,864,2,['A'],True
197,aqua_rat_test_196,B,B,1,1,1327,2,['B'],True
198,aqua_rat_test_197,C,C,1,1,3484,2,['C'],True
199,aqua_rat_test_198,C,C,1,1,3500,2,['C'],True
200,aqua_rat_test_199,A,E,0,1,5460,2,['E'],False
201,aqua_rat_test_200,B,B,1,1,1921,2,['B'],True
202,aqua_rat_test_201,C,C,1,1,1862,2,['C'],True
203,aqua_rat_test_202,B,B,1,1,1499,2,['B'],True
204,aqua_rat_test_203,C,C,1,1,953,2,['C'],True
205,aqua_rat_test_204,C,C,1,1,907,2,['C'],True
206,aqua_rat_test_205,B,B,1,1,2577,2,['B'],True
207,aqua_rat_test_206,C,C,1,1,995,2,['C'],True
208,aqua_rat_test_207,C,C,1,1,3287,2,['C'],True
209,aqua_rat_test_208,E,E,1,1,531,2,['E'],True
210,aqua_rat_test_209,C,C,1,1,1684,2,['C'],True
211,aqua_rat_test_210,E,E,1,1,1253,2,['E'],True
212,aqua_rat_test_211,A,C,0,1,2747,2,['C'],False
213,aqua_rat_test_212,A,A,1,1,952,2,['A'],True
214,aqua_rat_test_213,B,B,1,1,1160,2,['B'],True
215,aqua_rat_test_214,A,A,1,1,1132,2,['A'],True
216,aqua_rat_test_215,D,D,1,1,790,2,['D'],True
217,aqua_rat_test_216,B,B,1,1,1182,2,['B'],True
218,aqua_rat_test_217,A,A,1,1,1665,2,['A'],True
219,aqua_rat_test_218,E,E,1,1,1565,2,['E'],True
220,aqua_rat_test_219,D,D,1,1,990,2,['D'],True
221,aqua_rat_test_220,B,B,1,1,1711,2,['B'],True
222,aqua_rat_test_221,B,B,1,1,932,2,['B'],True
223,aqua_rat_test_222,D,D,1,1,831,2,['D'],True
224,aqua_rat_test_223,E,E,1,1,852,2,['E'],True
225,aqua_rat_test_224,C,C,1,1,1376,2,['C'],True
226,aqua_rat_test_225,B,B,1,1,752,2,['B'],True
227,aqua_rat_test_226,A,A,1,1,844,2,['A'],True
228,aqua_rat_test_227,A,A,1,1,1616,2,['A'],True
229,aqua_rat_test_228,B,C,0,1,1154,2,['C'],False
230,aqua_rat_test_229,A,A,1,1,630,2,['A'],True
231,aqua_rat_test_230,D,D,1,1,979,2,['D'],True
232,aqua_rat_test_231,C,C,1,1,545,2,['C'],True
233,aqua_rat_test_232,E,E,1,1,9377,2,['E'],True
234,aqua_rat_test_233,A,A,1,1,633,2,['A'],True
235,aqua_rat_test_234,B,B,1,1,1738,2,['B'],True
236,aqua_rat_test_235,A,A,1,1,939,2,['A'],True
237,aqua_rat_test_236,C,C,1,1,6400,2,['C'],True
238,aqua_rat_test_237,B,E,0,1,7796,2,['E'],False
239,aqua_rat_test_238,C,C,1,1,9191,2,['C'],True
240,aqua_rat_test_239,D,D,1,1,1740,2,['D'],True
241,aqua_rat_test_240,B,B,1,1,1092,2,['B'],True
242,aqua_rat_test_241,C,C,1,1,7800,2,['C'],True
243,aqua_rat_test_242,A,A,1,1,756,2,['A'],True
244,aqua_rat_test_243,D,D,1,1,1742,2,['D'],True
245,aqua_rat_test_244,C,C,1,1,530,2,['C'],True
246,aqua_rat_test_245,E,B,0,1,1026,2,['B'],False
247,aqua_rat_test_246,A,A,1,1,1346,2,['A'],True
248,aqua_rat_test_247,E,E,1,1,896,2,['E'],True
249,aqua_rat_test_248,E,E,1,1,1380,2,['E'],True
250,aqua_rat_test_249,D,D,1,1,770,2,['D'],True
251,aqua_rat_test_250,E,E,1,1,9857,2,['E'],True
252,aqua_rat_test_251,A,A,1,1,807,2,['A'],True
253,aqua_rat_test_252,B,B,1,1,1597,2,['B'],True
254,aqua_rat_test_253,A,A,1,1,3144,2,['A'],True
